cluster,n_players,ras_slow,ras_medium,ras_fast,return_win_pct,serve_win_pct,total_win_pct,archetype
0.0,21,0.9125544670530035,0.862410383954308,0.8367092593142064,0.34337763712685027,0.6524317211325404,0.4975494508528151,Strong slow-speed returners
1.0,42,0.9716116562746991,0.9701600025636649,0.9629939031631102,0.42094818073460527,0.5893300644553642,0.5051208308781537,Elite adaptive returners
2.0,7,0.8803726162079251,0.9075708055513252,0.8922287918294008,0.3347702296452019,0.637724082861425,0.4887411512851951,Strong medium-speed returners
3.0,64,0.9779053791617508,0.9583586453225962,0.9225845229415067,0.3919146612405091,0.6210440817082449,0.5059610427630987,Elite adaptive returners
4.0,51,0.9580921167864941,0.9189104727817767,0.9350513732254445,0.3952006046666896,0.6160486733447226,0.5052692937657192,Elite adaptive returners
5.0,10,0.9662068435876655,0.8924527455483089,0.8079394005700026,0.3482755208191586,0.6407123459410609,0.4948513997589328,Strong slow-speed returners
6.0,60,0.9441158341891177,0.9286103175012481,0.8767733237372307,0.3719119231357997,0.6277650787485454,0.4998803816141592,Elite adaptive returners
